"['Shaving Cream','Rice','Spices','Dhal', 'Cooking Oil', 'Tea','Biscuit']"
"['Deodorant', 'Rice','Spices','Dhal','Spinach', 'Coconut oil', 'Toothpaste',  'Tongue Cleaner', 'Semiya']"
"['Orange', 'Spinach', 'Vinegar', 'Rice','Spices','Dhal']"
"['Salt', 'Cereal','Rice','Spices','Dhal', 'Dhal']"
"['Rice','Spices','Dhal']"
"['Pasta', 'Hair Gel', 'Olive Oil', 'Onions','Spices','Dhal']"
"['Cereal Bars', 'Rice','Spices','Dhal', 'Semiya', 'Dhal']"
"['Peanut Butter', 'Semiya', 'Sugar', 'Spinach', 'Rice','Spices','Dhal']"
"['Rice','Spices','Dhal','Vegetables']"
"['Yogurt', 'Shaving Cream', 'Rice','Spices','Dhal']"
"['Light Bulbs', 'Ice Cream', 'Vinegar','Spices','Dhal']"
"['Cleaner', 'Spices','Dhal', 'Ice Cream', 'Shaving Cream', 'Chips']"
"['Rice','Spices','Dhal']"
"['Rice','Spices','Dhal']"
"['Coffee','Biscuit', 'Saftey Razor Blade','Spices','Dhal']"
"['Rice','Spices','Dhal']"
"['Shaving Cream', 'Olive Oil', 'Baby Wipes', 'Orange', 'Rice','Spices','Dhal']"
"['Plant Fertilizer', 'Spices','Dhal', 'Wheat Rava']"
"['Potatoes', 'Feminine Hygiene Products','Paper Towel for Faces', 'Rice','Spices','Dhal', 'Coconut oil']"
"['Spinach', 'Ragi Malt','Spices','Dhal']"
"['Spices','Dhal']"
"['Tissues', 'Milk', 'Wheat Flour','Spices','Dhal']"
"['Ketchup', 'Insect Repellent', 'Insect Repellent', 'Spices','Dhal']"
"['Mop', 'Cereal Bars', 'Spices','Dhal']"
"['Diapers', 'Spices','Dhal']"
"['Cleaning Spray', 'Rice','Spices','Dhal', 'Nuts', 'Laundry Detergent']"
"['Rice','Spices','Dhal', 'Apple', 'Hand Sanitizer', 'Hair Gel', 'Vegetables']"
"['Vegetables', 'Shaving Cream', 'Soap', 'Spices','Dhal']"
"['Rice','Spices','Dhal']"
"['Body wash', 'Rice','Spices','Dhal', 'Cleaning Spray']"
"['Vegetables','Rice','Spices','Dhal']"
"['Dish Soap', 'Cheese', 'Spices','Dhal', 'Body wash']"
"['Vegetables', 'Hair Gel', 'Plant Fertilizer', 'Vinegar', 'Rice','Spices','Dhal']"
"['Rice','Spices','Dhal', 'Diapers', 'Ragi Malt']"
"['Vegetables','Rice','Spices','Dhal']"
"['Vinegar', 'Spices','Dhal']"
"['Onions','Rice','Spices','Dhal']"
"['Rice','Spices','Dhal', 'Shampoo']"
"['Toothbrush', 'Milk', 'Rice','Spices','Dhal', 'Body wash', 'Ketchup']"
"['Spices','Dhal', 'Tomatoes', 'Cleaning Spray']"
"['Rice','Spices','Dhal','Vegetables']"
"['Rice','Spices','Dhal']"
"['Honey', 'Cereal Bars', 'Rice','Spices','Dhal', 'Vinegar']"
"['Eggs','Rice','Spices','Dhal']"
"['Broom', 'Rice','Spices','Dhal']"
"['Deodorant', 'Spices','Dhal']"
"['Black pepper','Rice','Spices','Dhal']"
"['Rice','Spices','Dhal']"
"['Deodorant', 'Spices','Dhal', 'Dustpan']"
"['Rice','Spices','Dhal','Vegetables' 'Apple']"
"['Feminine Hygiene Products','Paper Towel for Faces', 'Honey', 'Insect Repellent', 'Rice','Spices','Dhal']"
"['Spices','Dhal']"
"['Onions','Rice','Spices','Dhal']"
"['Rice','Spices','Dhal', 'Toothpaste',  'Tongue Cleaner']"
"['Spices','Dhal']"
"['Air Freshener', 'Tomatoes', 'Spices','Dhal', 'Spices','Dhal']"
"['Rice','Spices','Dhal','Vegetables']"
"['Apple', 'Spices','Dhal', 'Cleaning Spray']"
"['Onions','Rice','Spices','Dhal', 'Vegetables']"
"['Onions','Rice','Spices','Dhal']"
"['Ice Cream', 'Semiya', 'Rice','Spices','Dhal', 'Eggs']"
"['Soap', 'Peanut Butter', 'Vinegar', 'Rice','Spices','Dhal']"
"['Eggs', 'Toilet Freshner', 'Diapers', 'Laundry Detergent', 'Spices','Dhal']"
"['Vegetables','Rice','Spices','Dhal']"
"['Toothpaste',  'Tongue Cleaner', 'Tissues', 'Rice','Spices','Dhal']"
"['Rice','Spices','Dhal', 'Wheat Rava']"
"['Rice','Spices','Dhal','Vegetables']"
"['Juices','Chips', 'Banana', 'Rice','Spices','Dhal']"
"['Black pepper', 'Cereal Bars', 'Rice','Spices','Dhal']"
"['Rice','Spices','Dhal']"
"['Onions', 'Deodorant', 'Rice','Spices','Dhal', 'Plant Fertilizer', 'Dish Soap']"
"['Insect Repellent', 'Cereal', 'Honey', 'Spices','Dhal', 'Ragi Malt']"
"['Spinach', 'Semiya', 'Shaving Cream', 'Orange', 'Spices','Dhal']"
"['Stationery', 'Ragi Malt', 'Spices','Dhal', 'Cheese']"
"['Shower Gel','Rice','Spices','Dhal']"
"['Chips', 'Rice','Spices','Dhal', 'Honey']"
"['Onions','Rice','Spices','Dhal', 'Insect Repellent', 'Toilet Freshner', 'Banana']"
"['Cereal', 'Potatoes', 'Rice','Spices','Dhal', 'Body wash']"
"['Plant Fertilizer', 'Mop', 'Bread', 'Spices','Dhal', 'Spinach']"
"['Spices','Dhal', 'Trash Bags']"
"['Tomatoes','paneer','Rice','Spices','Dhal']"
"['Rice','Spices','Dhal', 'Sugar']"
"['Spices','Dhal', 'Tissues', 'Semiya', 'Coffee','Biscuit', 'Milk']"
"['Rice','Spices','Dhal', 'Deodorant']"
"['Broom', 'Onions', 'Wheat Rava', 'Rice','Spices','Dhal', 'Ragi Malt']"
"['Banana', 'Toothpaste',  'Tongue Cleaner', 'Spices','Dhal']"
"['Spices','Dhal', 'Shaving Cream']"
"['Dishwash scrubber', 'Rice','Spices','Dhal', 'Potatoes']"
"['Tea','Biscuit', 'Deodorant', 'Mop', 'Deodorant', 'Rice','Spices','Dhal']"
"['Spices','Dhal', 'Saftey Razor Blade']"
"['Rice','Spices','Dhal','Vegetables']"
"['Wheat Rava', 'Rice','Spices','Dhal', 'Laundry Detergent', 'Spinach']"
"['Spices','Dhal', 'Hair Gel', 'Wheat Flour', 'Eggs']"
"['Onions', 'Rice','Spices','Dhal', 'Air Freshener', 'Vinegar', 'Insect Repellent']"
"['Milk', 'Spices','Dhal', 'Jam','Bread', 'Toothbrush']"
"['Spices','Dhal', 'Peanut Butter', 'Jam','Bread', 'Pasta', 'Feminine Hygiene Products','Paper Towel for Faces']"
"['Spices','Dhal', 'Milk', 'Semiya']"
"['Onions', 'Milk', 'Spices','Dhal', 'Shower Gel', 'Semiya']"
"['Eggs','Rice','Spices','Dhal']"
"['Eggs','Rice','Spices','Dhal']"
"['Trash Bags', 'Baby Wipes', 'Spices','Dhal', 'Trash Bags']"
"['Shampoo', 'Deodorant', 'Dustpan', 'Rice','Spices','Dhal']"
"['Eggs', 'Rice','Spices','Dhal', 'Diapers', 'Peanut Butter', 'Sugar']"
"['Carrots', 'Toilet Freshner', 'Shower Gel', 'Spices','Dhal']"
"['Mop', 'Cereal Bars', 'Diapers', 'Spices','Dhal']"
"['Paper Towel For Faces', 'Rice','Spices','Dhal', 'Deodorant']"
"['Rice','Spices','Dhal', 'Tissues']"
"['Kambu Rice', 'Plant Fertilizer', 'Soap', 'Cooking Oil', 'Rice','Spices','Dhal']"
"['Rice','Spices','Dhal']"
"['Spices','Dhal', 'Cooking Oil', 'Pasta', 'Diapers', 'Banana']"
"['Honey', 'Spices','Dhal', 'Ketchup', 'Potatoes']"
"['Cereal', 'Spices','Dhal', 'Black pepper', 'Shampoo', 'Stationery']"
"['Nuts', 'Spices','Dhal', 'Soap', 'Black pepper', 'Body wash']"
"['Rice','Spices','Dhal','Vegetables']"
"['Rice','Spices','Dhal','Vegetables']"
"['Orange', 'Rice','Spices','Dhal', 'Body wash']"
"['Bread', 'Rice','Spices','Dhal', 'Dish Soap', 'Banana', 'Soda']"
"['Toothpaste',  'Tongue Cleaner', 'Spices','Dhal', 'Toothbrush']"
"['Tea','Biscuit', 'Rice','Spices','Dhal', 'Coffee','Biscuit']"
"['Rice','Spices','Dhal','Vegetables']"
"['Rice','Spices','Dhal']"
"['Rice','Spices','Dhal','Vegetables']"
"['Power Strips', 'Saftey Razor Blade', 'Spices','Dhal', 'Hand Sanitizer']"
"['Rice','Spices','Dhal']"
"['Spices','Dhal', 'Mustard', 'Chocolate', 'Broom', 'Tomatoes']"
"['Rice','Spices','Dhal', 'Salt', 'Ice Cream', 'Banana']"
"['Rice','Spices','Dhal']"
"['Spices','Dhal', 'Power Strips', 'Soap', 'Honey', 'Chocolate']"
"['Feminine Hygiene Products','Paper Towel for Faces', 'Saftey Razor Blade', 'Rice','Spices','Dhal']"
"['Spices','Dhal', 'Kambu Rice', 'Cereal Bars', 'Dishwash scrubber', 'Diapers']"
"['Spices','Dhal', 'Shampoo', 'Toothpaste',  'Tongue Cleaner', 'Soap']"
"['Rice','Spices','Dhal','Vegetables']"
"['Rice','Spices','Dhal','Vegetables']"
"['Rice','Spices','Dhal', 'Cleaning Spray']"
"['Mustard', 'Spices','Dhal', 'Eggs']"
"['Vegetables','Rice','Spices','Dhal']"
"['Rice','Spices','Dhal', 'Mop']"
"['Spices','Dhal', 'Tissues']"
"['Rice','Spices','Dhal']"
"['Kambu Rice', 'Rice','Spices','Dhal']"
"['Tomatoes', 'Rice','Spices','Dhal']"
"['Rice','Spices','Dhal', 'Mop', 'Black pepper']"
"['Tomatoes', 'Rice','Spices','Dhal', 'Cleaner', 'Chocolate']"
"['Spices','Dhal', 'Tea','Biscuit', 'Ragi Malt', 'Wheat Rava']"
"['Paper Towel For Faces', 'Soap', 'Saftey Razor Blade', 'Spices','Dhal', 'Body wash']"
"['Spices','Dhal', 'Yogurt', 'Dustpan']"
"['Vegetables','Rice','Spices','Dhal']"
"['Onions','Rice','Spices','Dhal']"
"['Spices','Dhal', 'Salt']"
"['Hair Gel', 'Spices','Dhal', 'Semiya', 'Vegetables']"
"['Rice','Spices','Dhal']"
"['Rice','Spices','Dhal', 'Yogurt', 'Cheese']"
"['Rice','Spices','Dhal','Vegetables']"
"['Dishwash scrubber', 'Spices','Dhal', 'Power Strips']"
"['Rice','Spices','Dhal','Vegetables']"
"['Deodorant', 'Baby Wipes', 'Spices','Dhal', 'Kambu Rice', 'Olive Oil']"
"['Mop', 'Rice','Spices','Dhal', 'Trash Bags', 'Tissues', 'Stationery']"
"['Rice','Spices','Dhal', 'Pasta', 'Cleaner', 'Black pepper', 'Semiya']"
"['Stationery', 'Toothbrush', 'Rice','Spices','Dhal', 'Olive Oil', 'Onions']"
"['Mustard', 'Rice','Spices','Dhal', 'Cleaner']"
"['Deodorant', 'Spices','Dhal']"
"['Rice','Spices','Dhal', 'Tissues', 'Milk', 'Olive Oil']"
"['Rice','Spices','Dhal', 'Ragi Malt', 'Toothpaste',  'Tongue Cleaner', 'Spices','Dhal', 'Spices','Dhal']"
"['Rice','Spices','Dhal','Vegetables']"
"['Laundry Detergent', 'Spices','Dhal', 'Soda', 'Milk', 'Banana']"
"['Rice','Spices','Dhal']"
"['Rice','Spices','Dhal','Vegetables']"
"['Dustpan', 'Rice','Spices','Dhal', 'Potatoes', 'Mop']"
"['Milk', 'Spices','Dhal']"
"['Coconut oil', 'Light Bulbs', 'Rice','Spices','Dhal', 'Dustpan', 'Wheat Rava']"
"['Dish Soap', 'Laundry Detergent', 'Rice','Spices','Dhal']"
"['Spices','Dhal']"
"['Eggs','Rice','Spices','Dhal']"
"['Vegetables','Rice','Spices','Dhal']"
"['Rice','Spices','Dhal','Vegetables']"
"['Spices','Dhal']"
"['Toothbrush', 'Rice','Spices','Dhal']"
"['Rice','Spices','Dhal', 'Diapers', 'Shower Gel']"
"['Banana', 'Rice','Spices','Dhal', 'Cheese', 'Yogurt', 'Wheat Rava']"
"['Spices','Dhal']"
"['Rice','Spices','Dhal', 'Yogurt']"
"['Rice','Spices','Dhal', 'Wheat Flour']"
"['Trash Bags', 'Rice','Spices','Dhal', 'Tissues', 'Soap', 'Toilet Freshner']"
"['Vinegar', 'Tissues', 'Salt', 'Spices','Dhal']"
"['Spices','Dhal', 'Coconut oil', 'Banana']"
"['Dish Soap', 'Tea','Biscuit', 'Rice','Spices','Dhal', 'Trash Bags', 'Honey']"
"['Rice','Spices','Dhal', 'Juices','Chips']"
"['Cereal', 'Spices','Dhal', 'Onions']"
"['Cleaning Spray', 'Cooking Oil', 'Laundry Detergent', 'Rice','Spices','Dhal']"
"['Chocolate', 'Spices','Dhal', 'Ragi Malt']"
"['Chips', 'Rice','Spices','Dhal', 'Dishwash scrubber']"
"['Trash Bags', 'Toilet Freshner', 'Spices','Dhal']"
"['Baby Wipes', 'Dish Soap', 'Spices','Dhal', 'Eggs', 'Plant Fertilizer']"
"['Rice','Spices','Dhal','Vegetables']"
"['Mustard', 'Paper Towel For Faces', 'Paper Towel For Faces', 'Spices','Dhal']"
"['Air Freshener', 'Rice','Spices','Dhal', 'Pasta', 'Vinegar', 'Broom']"
"['Vegetables', 'Rice','Spices','Dhal', 'Rice','Spices','Dhal', 'Toothpaste',  'Tongue Cleaner']"
"['Dish Soap', 'Spices','Dhal', 'Plant Fertilizer']"
"['Mustard', 'Spices','Dhal', 'Onions', 'Shower Gel', 'Shaving Cream']"
"['Spices','Dhal', 'Insect Repellent']"
"['Eggs','Rice','Spices','Dhal']"
"['Rice','Spices','Dhal', 'Mop', 'Sugar', 'Wheat Rava', 'Ice Cream']"
"['Rice','Spices','Dhal','Vegetables']"
"['Paper Towel For Faces', 'Chips', 'Spices','Dhal', 'Diapers']"
"['Spices','Dhal', 'Baby Wipes']"
"['Rice','Spices','Dhal', 'Paper Towel For Faces', 'Shampoo']"
"['Hair Gel', 'Spices','Dhal']"
"['Rice','Spices','Dhal', 'Stationery', 'Rice','Spices','Dhal']"
"['Cleaning Spray', 'Sugar', 'Chips', 'Jam','Bread', 'Spices','Dhal']"
"['Rice','Spices','Dhal','Vegetables']"
"['Spices','Dhal', 'Chips', 'Black pepper']"
"['Rice','Spices','Dhal','Vegetables']"
"['Vegetables','Rice','Spices','Dhal']"
"['Diapers', 'Rice','Spices','Dhal', 'Shampoo']"
"['Rice','Spices','Dhal','Vegetables']"
"['Rice','Spices','Dhal', 'Yogurt', 'Diapers']"
"['Trash Bags', 'Rice','Spices','Dhal']"
"['Dishwash scrubber', 'Carrots', 'Rice','Spices','Dhal', 'Coconut oil']"
"['Rice','Spices','Dhal','Vegetables']"
"['Onions', 'Rice','Spices','Dhal', 'Apple', 'Body wash']"
"['Toilet Freshner', 'Spices','Dhal', 'Vegetables', 'Coconut oil']"
"['Pickles', 'Toothpaste',  'Tongue Cleaner', 'Rice','Spices','Dhal']"
"['Toothpaste',  'Tongue Cleaner', 'Honey', 'Paper Towel For Faces', 'Rice','Spices','Dhal', 'Insect Repellent']"
"['Peanut Butter', 'Feminine Hygiene Products','Paper Towel for Faces', 'Spices','Dhal']"
"['Semiya', 'Semiya', 'Rice','Spices','Dhal', 'Power Strips', 'Salt']"
"['Rice','Spices','Dhal','Vegetables']"
"['Body wash', 'Pasta', 'Honey', 'Spices','Dhal']"
"['Deodorant', 'Cleaning Spray', 'Honey', 'Cooking Oil', 'Spices','Dhal']"
"['Baby Wipes', 'Sugar', 'Shampoo', 'Spices','Dhal']"
"['Soda', 'Spices','Dhal', 'Diapers', 'Paper Towel For Faces', 'Salt']"
"['Rice','Spices','Dhal', 'Toilet Freshner', 'Light Bulbs', 'Nuts', 'Mop']"
"['Rice','Spices','Dhal', 'Tea','Biscuit', 'Spinach']"
"['Soda', 'Apple', 'Bread', 'Power Strips', 'Rice','Spices','Dhal']"
"['Rice','Spices','Dhal', 'Potatoes', 'Deodorant', 'Vinegar']"
"['Air Freshener', 'Apple', 'Rice','Spices','Dhal', 'Shaving Cream', 'Chocolate']"
"['Power Strips', 'Spices','Dhal', 'Kambu Rice']"
"['Rice','Spices','Dhal']"
"['Nuts', 'Spices','Dhal']"
"['Onions','Rice','Spices','Dhal']"
"['Eggs','Rice','Spices','Dhal']"
"['Kambu Rice', 'Spices','Dhal', 'Stationery']"
"['Wheat Rava', 'Saftey Razor Blade', 'Spices','Dhal']"
"['Sugar', 'Vinegar', 'Spices','Dhal', 'Pickles']"
"['Ketchup', 'Rice','Spices','Dhal', 'Tomatoes']"
"['Rice','Spices','Dhal','Vegetables']"
"['Carrots', 'Rice','Spices','Dhal', 'Diapers']"
"['Vegetables', 'Soda', 'Paper Towel For Faces', 'Potatoes', 'Spices','Dhal']"
"['Tea','Biscuit', 'Peanut Butter', 'Rice','Spices','Dhal']"
"['Yogurt', 'Ketchup', 'Wheat Flour', 'Apple', 'Spices','Dhal']"
"['Toothbrush', 'Tomatoes', 'Spices','Dhal']"
"['Vinegar', 'Toilet Freshner', 'Spices','Dhal', 'Olive Oil', 'Wheat Rava']"
"['Rice','Spices','Dhal','Vegetables']"
"['Vinegar', 'Salt', 'Rice','Spices','Dhal']"
"['Vinegar', 'Rice','Spices','Dhal', 'Light Bulbs']"
"['Ragi Malt', 'Cheese', 'Banana', 'Insect Repellent', 'Rice','Spices','Dhal']"
"['Plant Fertilizer', 'Dishwash scrubber', 'Black pepper', 'Dishwash scrubber', 'Spices','Dhal']"
"['Baby Wipes', 'Laundry Detergent', 'Sugar', 'Spices','Dhal']"
"['Rice','Spices','Dhal']"
"['Onions','Rice','Spices','Dhal']"
"['Shampoo', 'Dhal', 'Bread', 'Nuts', 'Rice','Spices','Dhal']"
"['Saftey Razor Blade', 'Vinegar', 'Rice','Spices','Dhal', 'Tissues']"
"['Shampoo', 'Baby Wipes', 'Vinegar', 'Milk', 'Spices','Dhal']"
"['Rice','Spices','Dhal', 'Diapers']"
"['Rice','Spices','Dhal','Vegetables']"
"['Rice','Spices','Dhal','Vegetables']"
"['Jam','Bread', 'Milk', 'Insect Repellent', 'Deodorant', 'Rice','Spices','Dhal']"
"['Rice','Spices','Dhal', 'Sugar']"
"['Vinegar', 'Rice','Spices','Dhal']"
"['Spices','Dhal', 'Kambu Rice', 'Tomatoes']"
"['Sugar', 'Rice','Spices','Dhal']"
"['Nuts', 'Body wash', 'Rice','Spices','Dhal', 'Kambu Rice']"
"['Shaving Cream', 'Rice','Spices','Dhal', 'Pickles', 'Wheat Flour']"
"['Rice','Spices','Dhal','Vegetables']"
"['Rice','Spices','Dhal']"
"['Spices','Dhal', 'Laundry Detergent', 'Spices','Dhal', 'Juices','Chips', 'Nuts']"
"['Mop', 'Power Strips', 'Spices','Dhal']"
"['Laundry Detergent', 'Rice','Spices','Dhal']"
"['Rice','Spices','Dhal','Vegetables']"
"['Spices','Dhal', 'Kambu Rice', 'Sugar', 'Ragi Malt']"
"['Shampoo', 'Cheese', 'Milk', 'Spices','Dhal', 'Cooking Oil']"
"['Pickles', 'Eggs', 'Spices','Dhal', 'Paper Towel For Faces']"
"['Spices','Dhal', 'Bread', 'Honey', 'Pasta', 'Carrots']"
"['Potatoes', 'Black pepper', 'Diapers', 'Rice','Spices','Dhal', 'Yogurt']"
"['Eggs','Rice','Spices','Dhal']"
"['Power Strips', 'Cereal', 'Semiya', 'Spices','Dhal', 'Dishwash scrubber']"
"['Ketchup', 'Rice','Spices','Dhal', 'Feminine Hygiene Products','Paper Towel for Faces']"
"['Toilet Freshner', 'Spices','Dhal']"
"['Rice','Spices','Dhal', 'Peanut Butter', 'Dish Soap', 'Jam','Bread']"
"['Tomatoes', 'Carrots', 'Spices','Dhal', 'Potatoes']"
"['Toothpaste',  'Tongue Cleaner', 'Rice','Rice','Spices','Dhal','Vegetables' 'Broom']"
"['Rice','Spices','Dhal','Vegetables']"
"['Rice','Spices','Dhal']"
"['Eggs', 'Rice','Spices','Dhal']"
"['Rice','Spices','Dhal', 'Milk', 'Honey', 'Dhal', 'Chips']"
"['Body wash', 'Laundry Detergent', 'Yogurt', 'Rice','Spices','Dhal']"
"['Spices','Dhal', 'Shaving Cream', 'Mop', 'Apple', 'Banana']"
"['Nuts', 'Rice','Spices','Dhal', 'Air Freshener', 'Eggs']"
"['Juices','Chips', 'Rice','Spices','Dhal', 'Apple']"
"['Saftey Razor Blade', 'Spices','Dhal', 'Jam','Bread', 'Semiya', 'Deodorant']"
"['Onions','Rice','Spices','Dhal']"
"['Feminine Hygiene Products','Paper Towel for Faces', 'Shaving Cream', 'Pickles', 'Spices','Dhal', 'Bread']"
"['Juices','Chips', 'Spices','Dhal', 'Pickles']"
"['Rice','Spices','Dhal']"
"['Rice','Spices','Dhal', 'Honey', 'Insect Repellent', 'Hand Sanitizer']"
"['Rice','Spices','Dhal','Vegetables']"
"['Pasta', 'Shower Gel', 'Rice','Spices','Dhal', 'Coffee','Biscuit']"
"['Ragi Malt', 'Vinegar', 'Rice','Spices','Dhal', 'Rice','Spices','Dhal']"
"['Banana', 'Spices','Dhal', 'Honey', 'Diapers', 'Nuts']"
"['Air Freshener', 'Rice','Spices','Dhal']"
"['Toothpaste',  'Tongue Cleaner', 'Peanut Butter', 'Coconut oil', 'Rice','Spices','Dhal', 'Cleaner']"
"['Chocolate', 'Rice','Spices','Dhal', 'Laundry Detergent', 'Eggs']"
"['Rice','Spices','Dhal', 'Vinegar', 'Light Bulbs', 'Toothpaste',  'Tongue Cleaner']"
"['Light Bulbs', 'Spices','Dhal']"
"['Honey', 'Chocolate', 'Rice','Spices','Dhal', 'Black pepper']"
"['Spices','Dhal', 'Milk', 'Light Bulbs', 'Apple', 'Hair Gel']"
"['Trash Bags', 'Plant Fertilizer', 'Spices','Dhal', 'Kambu Rice', 'Toilet Freshner']"
"['Wheat Flour', 'Coffee','Biscuit', 'Nuts', 'Spices','Dhal']"
"['Vegetables','Rice','Spices','Dhal']"
"['Insect Repellent', 'Dhal', 'Carrots', 'Rice','Spices','Dhal', 'Cereal Bars']"
"['Sugar', 'Rice','Spices','Dhal']"
"['Ketchup', 'Rice','Spices','Dhal', 'Wheat Rava', 'Kambu Rice', 'Light Bulbs']"
"['Plant Fertilizer', 'Plant Fertilizer', 'Spices','Dhal', 'Ragi Malt', 'Broom']"
"['Deodorant', 'Spices','Dhal']"
"['Rice','Spices','Dhal','Vegetables']"
"['Rice','Spices','Dhal', 'Body wash']"
"['Nuts', 'Tomatoes', 'Rice','Spices','Dhal']"
"['Ketchup', 'Light Bulbs', 'Tea','Biscuit', 'Rice','Spices','Dhal']"
"['Spices','Dhal', 'Nuts', 'Banana', 'Apple', 'Bread']"
"['Cereal', 'Rice','Spices','Dhal', 'Pickles', 'Vinegar']"
"['Hair Gel', 'Rice','Spices','Dhal']"
"['Hand Sanitizer', 'Rice','Spices','Dhal']"
"['Spices','Dhal', 'Deodorant', 'Banana', 'Ice Cream']"
"['Vegetables', 'Shaving Cream', 'Tea','Biscuit', 'Rice','Spices','Dhal', 'Spinach']"
"['Baby Wipes', 'Peanut Butter', 'Rice','Spices','Dhal', 'Ice Cream']"
"['Dishwash scrubber', 'Toothpaste',  'Tongue Cleaner', 'Spices','Dhal', 'Olive Oil']"
"['Spices','Dhal', 'Pickles', 'Shampoo', 'Cereal', 'Mustard']"
"['Rice','Spices','Dhal', 'Deodorant', 'Tea','Biscuit', 'Yogurt']"
"['Vegetables','Rice','Spices','Dhal']"
"['Power Strips', 'Cooking Oil', 'Baby Wipes', 'Rice','Spices','Dhal']"
"['Rice','Spices','Dhal','Vegetables']"
"['Jam','Bread', 'Toothbrush', 'Yogurt', 'Tissues', 'Spices','Dhal']"
"['Spinach', 'Insect Repellent', 'Apple', 'Rice','Spices','Dhal']"
"['Spices','Dhal', 'Spinach', 'Dhal', 'Light Bulbs']"
"['Dish Soap', 'Spices','Dhal', 'Shampoo', 'Chocolate']"
"['Vegetables','Rice','Spices','Dhal']"
"['Semiya', 'Tea','Biscuit', 'Rice','Spices','Dhal']"
"['Rice','Spices','Dhal', 'Dish Soap', 'Shower Gel', 'Hair Gel']"
"['Eggs','Rice','Spices','Dhal']"
"['Spices','Dhal', 'Mustard']"
"['Spices','Dhal']"
"['Rice','Spices','Dhal','Vegetables']"
"['Dhal', 'Juices','Chips', 'Deodorant', 'Rice','Spices','Dhal', 'Deodorant']"
"['Vegetables', 'Rice','Spices','Dhal', 'Coffee','Biscuit', 'Trash Bags', 'Cereal Bars']"
"['Rice','Spices','Dhal','Vegetables']"
"['Sugar', 'Hand Sanitizer', 'Rice','Spices','Dhal','Vegetables' 'Potatoes']"
"['Cleaner', 'Spices','Dhal']"
"['Rice','Spices','Dhal']"
"['Rice','Spices','Dhal', 'Orange']"
"['Laundry Detergent', 'Bread', 'Rice','Spices','Dhal', 'Toothpaste',  'Tongue Cleaner']"
"['Rice','Spices','Dhal', 'Cleaning Spray', 'Laundry Detergent']"
"['Plant Fertilizer', 'Cleaner', 'Spices','Dhal']"
"['Plant Fertilizer', 'Spices','Dhal', 'Potatoes', 'Air Freshener', 'Saftey Razor Blade']"
"['Tissues', 'Tomatoes', 'Rice','Spices','Dhal']"
"['Vegetables','Rice','Spices','Dhal']"
"['Mustard', 'Ice Cream', 'Baby Wipes', 'Body wash', 'Spices','Dhal']"
"['Rice','Spices','Dhal','Vegetables']"
"['Eggs','Rice','Spices','Dhal']"
"['Eggs', 'Chocolate', 'Spices','Dhal', 'Carrots', 'Black pepper']"
"['Spices','Dhal', 'Dustpan', 'Honey']"
"['Cleaner', 'Spices','Dhal', 'Mustard', 'Coconut oil', 'Apple']"
"['Vegetables', 'Vinegar', 'Honey', 'Rice','Spices','Dhal']"
"['Bread', 'Spices','Dhal']"
"['Tomatoes', 'Dustpan', 'Rice','Spices','Dhal']"
"['Mop', 'Broom', 'Baby Wipes', 'Salt', 'Rice','Spices','Dhal']"
"['Cereal Bars', 'Deodorant', 'Spices','Dhal']"
"['Wheat Flour', 'Ice Cream', 'Coconut oil', 'Light Bulbs', 'Spices','Dhal']"
"['Spices','Dhal', 'Bread',  'Saftey Razor Blade', 'Chips']"
"['Vinegar', 'Spices','Dhal']"
"['Paper Towel For Faces', 'Coconut oil', 'Plant Fertilizer', 'Spices','Dhal', 'Ragi Malt']"
"['Rice','Spices','Dhal','Vegetables']"
"['Black pepper', 'Spices','Dhal', 'Diapers', 'Laundry Detergent']"
"['Rice','Spices','Dhal','Vegetables']"
"['Diapers', 'Rice','Spices','Dhal', 'Spinach']"
"['Spices','Dhal', 'Soap', 'Feminine Hygiene Products','Paper Towel for Faces', 'Hand Sanitizer', 'Soda']"
"['Spices','Dhal', 'Milk', 'Tissues', 'Trash Bags']"
"['Spices','Dhal']"
"['Rice','Spices','Dhal']"
"['Broom', 'Rice','Spices','Dhal']"
"['Rice','Spices','Dhal']"
"['Dish Soap', 'Rice','Spices','Dhal', 'Onions']"
"['Pasta', 'Rice','Spices','Dhal', 'Hand Sanitizer', 'Semiya', 'Onions']"
"['Yogurt', 'Laundry Detergent', 'Orange', 'Rice','Spices','Dhal']"
"['Apple', 'Rice','Spices','Dhal']"
"['Stationery', 'Spices','Dhal', 'Baby Wipes', 'Dishwash scrubber']"
"['Shower Gel', 'Hand Sanitizer', 'Spinach', 'Honey', 'Spices','Dhal']"
"['Plant Fertilizer', 'Dishwash scrubber', 'Rice','Spices','Dhal', 'Dhal']"
"['Spices','Dhal', 'Orange']"
"['Rice','Spices','Dhal']"
"['Spices','Dhal', 'Tissues', 'Cereal Bars', 'Paper Towel For Faces', 'Milk']"
"['Hair Gel', 'Feminine Hygiene Products','Paper Towel for Faces', 'Rice','Spices','Dhal']"
"['Broom', 'Spices','Dhal']"
"['Eggs','Rice','Spices','Dhal']"
"['Rice','Spices','Dhal', 'Baby Wipes', 'Dishwash scrubber', 'Wheat Rava', 'Hand Sanitizer']"
"['Vegetables', 'Olive Oil', 'Rice','Spices','Dhal', 'Pasta']"
"['Apple', 'Jam','Bread', 'Spices','Dhal', 'Sugar']"
"['Vegetables','Rice','Spices','Dhal']"
"['Spinach', 'Soap', 'Apple', 'Spices','Dhal']"
"['Vegetables','Rice','Spices','Dhal']"
"['Rice','Spices','Dhal','Vegetables']"
"['Vegetables','Rice','Spices','Dhal']"
"['Rice','Spices','Dhal','Vegetables']"
"['Vegetables', 'Rice','Spices','Dhal', 'Kambu Rice', 'Cleaner']"
"['Carrots', 'Rice','Spices','Dhal']"
"['Orange', 'Sugar', 'Spices','Dhal']"
"['Jam','Bread', 'Tomatoes', 'Toothbrush', 'Spices','Dhal']"
"['Shaving Cream', 'Body wash', 'Spices','Dhal', 'Spinach']"
"['Coffee','Biscuit', 'Mop', 'Rice','Spices','Dhal', 'Hand Sanitizer', 'Dhal']"
"['Spices','Dhal', 'Eggs']"
"['Salt', 'Tomatoes', 'Feminine Hygiene Products','Paper Towel for Faces', 'Spices','Dhal']"
"['Coconut oil', 'Soda', 'Juices','Chips', 'Spices','Dhal']"
"['Eggs', 'Spices','Dhal', 'Cooking Oil', 'Ice Cream']"
"['Power Strips', 'Laundry Detergent', 'Diapers', 'Vegetables', 'Rice','Spices','Dhal']"
"['Rice','Spices','Dhal', 'Rice','Spices','Dhal']"
"['Rice','Spices','Dhal', 'Apple', 'Nuts', 'Soda', 'Vinegar']"
"['Spices','Dhal', 'Cleaner', 'Chips']"
"['Toothbrush', 'Spices','Dhal', 'Jam','Bread', 'Hair Gel', 'Mop']"
"['Eggs', 'Laundry Detergent', 'Rice','Spices','Dhal']"
"['Vinegar', 'Toothbrush', 'Rice','Spices','Dhal', 'Spinach']"
"['Dish Soap', 'Toothpaste',  'Tongue Cleaner', 'Spices','Dhal']"
"['Spices','Dhal', 'Shaving Cream']"
"['Vegetables','Rice','Spices','Dhal']"
"['Rice','Spices','Dhal']"
"['Cleaning Spray', 'Spices','Dhal', 'Carrots']"
"['Laundry Detergent', 'Jam','Bread', 'Toothbrush', 'Rice','Spices','Dhal']"
"['Stationery', 'Rice','Spices','Dhal', 'Cleaning Spray']"
"['Onions','Rice','Spices','Dhal']"
"['Yogurt', 'Soap', 'Spices','Dhal', 'Hand Sanitizer']"
"['Spices','Dhal', 'Spinach', 'Trash Bags']"
"['Shampoo', 'Wheat Rava', 'Cooking Oil', 'Rice','Spices','Dhal', 'Stationery']"
"['Yogurt', 'Rice','Spices','Dhal', 'Spinach', 'Light Bulbs']"
"['Rice','Spices','Dhal','Vegetables']"
"['Plant Fertilizer', 'Rice','Spices','Dhal', 'Banana', 'Ketchup']"
"['Rice','Spices','Dhal','Vegetables']"
"['Rice','Spices','Dhal', 'Trash Bags', 'Hand Sanitizer', 'Cereal', 'Cereal Bars']"
"['Rice','Spices','Dhal','Vegetables']"
"['Spices','Dhal', 'Spinach', 'Stationery', 'Vinegar']"
"['Onions', 'Wheat Flour', 'Spices','Dhal', 'Baby Wipes', 'Hair Gel']"
"['Rice','Spices','Dhal','Vegetables']"
"['Feminine Hygiene Products','Paper Towel for Faces', 'Yogurt', 'Spinach', 'Apple', 'Rice','Spices','Dhal']"
"['Diapers', 'Ragi Malt', 'Orange', 'Rice','Spices','Dhal', 'Spices','Dhal']"
"['Onions','Rice','Spices','Dhal']"
"['Tissues', 'Rice','Spices','Dhal', 'Mop', 'Cereal Bars']"
"['Spices','Dhal', 'Tea','Biscuit', 'Hair Gel']"
"['Eggs','Rice','Spices','Dhal']"
"['Rice','Spices','Dhal']"
"['Deodorant', 'Dhal', 'Toilet Freshner', 'Milk', 'Spices','Dhal']"
"['Rice','Spices','Dhal','Vegetables']"
"['Broom', 'Kambu Rice', 'Cereal', 'Rice','Spices','Dhal', 'Feminine Hygiene Products','Paper Towel for Faces']"
"['Rice','Spices','Dhal']"
"['Spices','Dhal', 'Cereal Bars', 'Tomatoes', 'Vegetables', 'Rice','Spices','Dhal']"
"['Eggs','Rice','Spices','Dhal']"
"['Dish Soap', 'Spices','Dhal', 'Diapers', 'Salt']"
"['Vegetables','Rice','Spices','Dhal']"
"['Spices','Dhal', 'Coconut oil', 'Pasta', 'Milk', 'Milk']"
"['Spices','Dhal', 'Potatoes', 'Dustpan', 'Shaving Cream', 'Body wash']"
"['Spices','Dhal']"
"['Spices','Dhal', 'Cheese', 'Dustpan', 'Yogurt']"
"['Toilet Freshner', 'Spices','Dhal', 'Toothpaste',  'Tongue Cleaner', 'Sugar']"
"['Shaving Cream', 'Spices','Dhal', 'Vinegar', 'Toilet Freshner']"
"['Toilet Freshner', 'Toothpaste',  'Tongue Cleaner', 'Spices','Dhal', 'Cooking Oil', 'Peanut Butter']"
"['Vinegar', 'Salt', 'Spices','Dhal', 'Olive Oil', 'Ragi Malt']"
"['Rice','Spices','Dhal', 'Ice Cream', 'Cereal', 'Toothpaste',  'Tongue Cleaner']"
"['Honey', 'Rice','Spices','Dhal', 'Dishwash scrubber', 'Cooking Oil']"
"['Vegetables','Rice','Spices','Dhal']"
"['Rice','Spices','Dhal','Vegetables']"
"['Spices','Dhal', 'Shaving Cream']"
"['Rice','Spices','Dhal','Vegetables']"
"['Spinach', 'Carrots', 'Cereal', 'Spices','Dhal']"
"['Body wash', 'Trash Bags', 'Coconut oil', 'Spices','Dhal']"
"['Vegetables','Rice','Spices','Dhal']"
"['Olive Oil', 'Eggs', 'Rice','Spices','Dhal']"
"['Deodorant', 'Stationery', 'Air Freshener', 'Deodorant', 'Spices','Dhal']"
"['Broom', 'Cheese', 'Rice','Spices','Dhal', 'Tissues', 'Chips']"
"['Shower Gel', 'Hand Sanitizer', 'Stationery', 'Milk', 'Spices','Dhal']"
"['Rice','Spices','Dhal', 'Coffee','Biscuit']"
"['Rice','Spices','Dhal', 'Vinegar', 'Ragi Malt']"
"['Rice','Spices','Dhal','Vegetables']"
"['Deodorant', 'Shampoo', 'Rice','Spices','Dhal']"
"['Air Freshener', 'Rice','Spices','Dhal', 'Chips']"
"['Spices','Dhal']"
"['Rice','Spices','Dhal']"
"['Spices','Dhal', 'Chips']"
"['Salt', 'Black pepper', 'Chocolate', 'Rice','Spices','Dhal']"
"['Eggs','Rice','Spices','Dhal']"
"['Cleaner', 'Broom', 'Rice','Spices','Dhal']"
"['Broom', 'Cereal Bars', 'Rice','Spices','Dhal']"
"['Tissues', 'Rice','Spices','Dhal']"
"['Honey', 'Rice','Spices','Dhal', 'Soda']"
"['Yogurt', 'Spices','Dhal', 'Toilet Freshner', 'Deodorant', 'Laundry Detergent']"
"['Spices','Dhal', 'Milk', 'Light Bulbs', 'Hand Sanitizer']"
"['Spices','Dhal', 'Milk']"
"['Spices','Dhal', 'Bread', 'Cereal Bars', 'Trash Bags']"
"['Deodorant', 'Spices','Dhal', 'Orange', 'Dishwash scrubber', 'Air Freshener']"
"['Rice','Spices','Dhal', 'Cleaner', 'Broom', 'Vegetables', 'Baby Wipes']"
"['Shampoo', 'Orange', 'Power Strips', 'Salt', 'Rice','Spices','Dhal']"
"['Rice','Spices','Dhal', 'Milk', 'Apple', 'Deodorant', 'Vinegar']"
"['Spices','Dhal', 'Tissues', 'Coffee','Biscuit']"
"['Deodorant', 'Peanut Butter', 'Banana', 'Rice','Spices','Dhal', 'Light Bulbs']"
"['Spices','Dhal', 'Ragi Malt', 'Orange', 'Trash Bags']"
"['Vegetables', 'Rice','Spices','Dhal', 'Toothpaste',  'Tongue Cleaner']"
"['Mop', 'Rice','Spices','Dhal', 'Shower Gel', 'Black pepper']"
"['Black pepper', 'Rice','Spices','Dhal']"
"['Sugar', 'Baby Wipes', 'Spices','Dhal']"
"['Vegetables', 'Carrots', 'Spices','Dhal', 'Cheese']"
"['Wheat Rava', 'Spices','Dhal', 'Cleaning Spray', 'Cereal Bars', 'Shampoo']"
"['Tissues', 'Jam','Bread', 'Spices','Dhal', 'Cheese', 'Cereal Bars']"
"['Shaving Cream', 'Toothpaste',  'Tongue Cleaner', 'Rice','Spices','Dhal', 'Nuts']"
"['Air Freshener', 'Spices','Dhal', 'Shampoo']"
"['Vegetables','Rice','Spices','Dhal']"
"['Ragi Malt', 'Baby Wipes', 'Rice','Spices','Dhal']"
"['Honey', 'Ketchup', 'Spices','Dhal', 'Trash Bags', 'Potatoes']"
"['Tissues', 'Jam','Bread', 'Dustpan', 'Spices','Dhal']"
"['Kambu Rice', 'Rice','Spices','Dhal', 'Cereal']"
"['Semiya', 'Spices','Dhal', 'Toilet Freshner']"
"['Rice','Spices','Dhal']"
"['Light Bulbs', 'Spices','Dhal']"
"['Spices','Dhal', 'Saftey Razor Blade', 'Dishwash scrubber', 'Tomatoes']"
"['Spices','Dhal', 'Stationery', 'Vinegar']"
"['Rice','Spices','Dhal', 'Soap']"
"['Potatoes', 'Rice','Spices','Dhal']"
"['Rice','Spices','Dhal','Vegetables']"
"['Rice','Spices','Dhal', 'Wheat Flour', 'Bread', 'Dishwash scrubber']"
"['Chocolate', 'Rice','Spices','Dhal', 'Air Freshener', 'Eggs', 'Eggs']"
"['Eggs','Rice','Spices','Dhal']"
"['Rice','Spices','Dhal', 'Apple']"
"['Eggs','Rice','Spices','Dhal']"
"f['Eggs','Rice','Spices','Dhal']"
"['Body wash', 'Spices','Dhal', 'Honey', 'Coconut oil']"
"['Spices','Dhal', 'Soap', 'Trash Bags']"
"['Soda', 'Semiya', 'Rice','Spices','Dhal', 'Tissues', 'Kambu Rice']"
"['Spices','Dhal', 'Eggs', 'Spices','Dhal']"
"['Spices','Dhal', 'Trash Bags']"
"['Rice','Spices','Dhal','Vegetables']"
"['Shower Gel', 'Rice','Spices','Dhal']"
"['Coconut oil', 'Trash Bags','Rice','Spices','Dhal', 'Onions', 'Carrots', 'Coconut oil']"
"['Vinegar', 'Cereal Bars', 'Pasta', 'Spices','Dhal']"
"['Spices','Dhal', 'Vegetables', 'Hand Sanitizer', 'Toothpaste',  'Tongue Cleaner', 'Olive Oil']"
"['Trash Bags', 'Black pepper', 'Light Bulbs', 'Spices','Dhal', 'Vegetables']"
"['Spices','Dhal', 'Stationery', 'Honey', 'Carrots', 'Paper Towel For Faces']"
"['Carrots','Rice','Spices','Dhal']"
"['Plant Fertilizer', 'Nuts', 'Rice','Spices','Dhal', 'Banana', 'Chips']"
"['Broom', 'Paper Towel For Faces', 'Vegetables', 'Orange', 'Spices','Dhal']"
"['Dish Soap', 'Sugar', 'Plant Fertilizer', 'Hair Gel', 'Spices','Dhal']"
"['Wheat Flour', 'Deodorant', 'Rice','Spices','Dhal', 'Toothpaste',  'Tongue Cleaner', 'Toothpaste',  'Tongue Cleaner']"
"['Laundry Detergent', 'Semiya', 'Honey', 'Rice','Spices','Dhal', 'Cooking Oil']"
"['Wheat Flour','Rice','Spices','Dhal', 'Eggs', 'Dishwash scrubber', 'Coffee','Biscuit', 'Dish Soap']"
"['Dhal', 'Sugar', 'Plant Fertilizer', 'Spices','Dhal']"
"['Cereal Bars', 'Paper Towel For Faces', 'Toilet Freshner', 'Rice','Spices','Dhal', 'Laundry Detergent']"
"['Black pepper', 'Ragi Malt', 'Spices','Dhal', 'Shaving Cream', 'Chocolate']"
"['Rice','Spices','Dhal', 'Nuts']"
"['Coffee','Biscuit', 'Rice','Spices','Dhal']"
"['Rice','Spices','Dhal', 'Trash Bags', 'Toothpaste',  'Tongue Cleaner', 'Juices','Chips', 'Insect Repellent']"
"['Rice','Spices','Dhal','Vegetables']"
"['Wheat Rava','Rice','Spices','Dhal']"
"['Rice','Spices','Dhal']"
"['Spices','Dhal', 'Deodorant', 'Coffee','Biscuit', 'Light Bulbs']"
"['Rice','Spices','Dhal', 'Shampoo', 'Air Freshener', 'Tea','Biscuit', 'Tomatoes']"
"['Spices','Dhal', 'Baby Wipes', 'Spices','Dhal']"
"['Wheat Rava','Rice','Spices','Dhal']"
"['Potatoes','Rice','Spices','Dhal']"
"['Rice','Spices','Dhal']"
"['Pasta', 'Dustpan', 'Rice','Spices','Dhal', 'Feminine Hygiene Products','Paper Towel for Faces', 'Dustpan']"
"['Salt', 'Hair Gel', 'Spices','Dhal']"
"['Vegetables','Rice','Spices','Dhal']"
"['Olive Oil', 'Rice','Spices','Dhal', 'Mustard']"
"['Pasta', 'Rice','Spices','Dhal','Onions', 'Milk']"
"['Rice','Spices','Dhal', 'Deodorant', 'Vinegar', 'Soda']"
"['Power Strips', 'Spices','Dhal', 'Shampoo']"
"['Cheese', 'Eggs','Rice','Spices','Dhal']"
"['Spices','Dhal']"
"['Black pepper','Rice','Spices','Dhal', 'Semiya', 'Peanut Butter', 'Ketchup']"
"['Paper Towel For Faces', 'Rice','Spices','Dhal', 'Milk']"
"['Shampoo', 'Laundry Detergent', 'Insect Repellent', 'Rice','Spices','Dhal']"
"['Milk','Rice','Spices','Dhal']"
"['Potatoes','Rice','Spices','Dhal', 'Vinegar', 'Coconut oil', 'Soap']"
"['Paper Towel For Faces', 'Spices','Dhal']"
"['Wheat Rava','Rice','Spices','Dhal', 'Plant Fertilizer', 'Olive Oil', 'Bread', 'Toothbrush']"
"['Rice','Spices','Dhal','Vegetables' 'Jam','Bread']"
"['Cleaner', 'Spices','Dhal', 'Ragi Malt', 'Feminine Hygiene Products','Paper Towel for Faces']"
"['Rice','Spices','Dhal', 'Tea','Biscuit', 'Salt', 'Plant Fertilizer']"
"['Rice','Spices','Dhal','Vegetables']"
"['Rice','Spices','Dhal', 'Toilet Freshner', 'Milk']"
"['Power Strips', 'Spices','Dhal']"
"['Onions','Rice','Spices','Dhal']"
"['Soda', 'Spices','Dhal', 'Power Strips']"
"['Broom', 'Rice','Spices','Dhal', 'Cheese', 'Shower Gel', 'Juices','Chips']"
"['Ice Cream', 'Rice','Spices','Dhal', 'Pasta', 'Black pepper', 'Toothpaste',  'Tongue Cleaner']"
"['Tissues', 'Jam','Bread', 'Rice','Spices','Dhal', 'Apple', 'Tea','Biscuit']"
"['Insect Repellent', 'Spices','Dhal']"
"['Dhal', 'Shower Gel', 'Spices','Dhal']"
"['Pickles', 'Spices','Dhal', 'Chips']"
"['Cereal Bars', 'Spinach', 'Carrots', 'Mop', 'Spices','Dhal']"
"['Toilet Freshner', 'Bread', 'Rice','Spices','Dhal']"
"['Pickles', 'Pasta', 'Laundry Detergent', 'Soda', 'Spices','Dhal']"
"['Baby Wipes', 'Mop', 'Rice','Spices','Dhal', 'Diapers', 'Cooking Oil']"
"['Ketchup', 'Jam','Bread', 'Spices','Dhal', 'Deodorant', 'Cooking Oil']"
"['Jam','Bread', 'Ice Cream', 'Mop', 'Spices','Dhal', 'Hair Gel']"
"['Milk','Rice','Spices','Dhal']"
"['Air Freshener', 'Broom', 'Rice','Spices','Dhal']"
"['Spices','Dhal', 'Bread']"
"['Rice','Spices','Dhal', 'Dishwash scrubber', 'Chocolate', 'Apple']"
"['Rice','Spices','Dhal']"
"['Pickles', 'Eggs','Rice','Spices','Dhal']"
"['Hand Sanitizer', 'Ragi Malt', 'Spices','Dhal', 'Trash Bags', 'Hair Gel']"
"['Orange', 'Pasta', 'Pasta', 'Rice','Spices','Dhal', 'Tomatoes']"
"['Vegetables','Rice','Spices','Dhal']"
"['Hand Sanitizer', 'Hair Gel', 'Orange', 'Rice','Spices','Dhal']"
"['Dustpan', 'Spices','Dhal', 'Kambu Rice', 'Vinegar', 'Plant Fertilizer']"
"['Rice','Spices','Dhal']"
"['Rice','Spices','Dhal','Vegetables']"
"['Eggs','Rice','Spices','Dhal']"
"['Baby Wipes', 'Spices','Dhal']"
"['Trash Bags', 'Spinach','Rice','Spices','Dhal']"
"['Vinegar', 'Rice','Spices','Dhal', 'Shower Gel', 'Dishwash scrubber']"
"['Diapers', 'Toilet Freshner', 'Tea','Biscuit', 'Rice','Spices','Dhal', 'Dhal']"
"['Spices','Dhal', 'Yogurt']"
"['Rice','Spices','Dhal']"
"['Coconut oil', 'Onions', 'Nuts', 'Wheat Flour', 'Spices','Dhal']"
"['Dish Soap', 'Rice','Spices','Dhal', 'Apple']"
"['Spices','Dhal']"
"['Rice','Spices','Dhal']"
"['Chocolate', 'Milk', 'Spinach', 'Trash Bags', 'Spices','Dhal']"
"['Stationery', 'Spices','Dhal']"
"['Banana','Rice','Spices','Dhal']"
"['Spices','Dhal', 'Milk']"
"['Honey','Rice','Spices','Dhal']"
"['Mustard', 'Light Bulbs', 'Soap', 'Spices','Dhal']"
"['Stationery', 'Spices','Dhal', 'Tissues']"
"['Rice','Spices','Dhal','Vegetables']"
"['Eggs','Rice','Spices','Dhal']"
"['Rice','Spices','Dhal', 'Broom']"
"['Eggs','Rice','Spices','Dhal']"
"['Rice','Spices','Dhal']"
"['Chocolate', 'Rice','Spices','Dhal', 'Pasta', 'Vinegar']"
"['Rice','Spices','Dhal', 'Stationery', 'Potatoes', 'Spinach']"
"['Coconut oil','Rice','Spices','Dhal']"
"['Dhal', 'Plant Fertilizer', 'Tomatoes','Rice','Spices','Dhal', 'Milk']"
"['Deodorant', 'Semiya','Rice','Spices','Dhal']"
"['Deodorant', 'Spinach', 'Rice','Spices','Dhal', 'Dustpan', 'Sugar']"
"['Spinach', 'Carrots','Rice','Spices','Dhal']"
"['Rice','Spices','Dhal']"
"['Toothpaste',  'Tongue Cleaner', 'Jam','Bread', 'Spices','Dhal']"
"['Onions','Rice','Spices','Dhal']"
"['Wheat Rava', 'Dhal', 'Olive Oil', 'Rice','Spices','Dhal', 'Cooking Oil']"
"['Rice','Spices','Dhal','Vegetables']"
"['Black pepper','Rice','Spices','Dhal']"
"['Olive Oil', 'Shampoo', 'Cooking Oil', 'Air Freshener', 'Spices','Dhal']"
"['Rice','Spices','Dhal', 'Shaving Cream']"
"['Spices','Dhal', 'Honey', 'Cooking Oil']"
"['Cleaning Spray', 'Wheat Rava', 'Rice','Spices','Dhal','Salt', 'Cleaner']"
"['Coffee','Biscuit', 'Rice','Spices','Dhal', 'Milk', 'Cooking Oil', 'Mop']"
"['Dish Soap', 'Air Freshener', 'Shaving Cream', 'Spices','Dhal', 'Milk']"
"['Rice','Spices','Dhal','Vegetables']"
"['Vegetables','Rice','Spices','Dhal']"
"['Vegetables','Rice','Spices','Dhal']"
"['Stationery', 'Spices','Dhal']"
"['Broom', 'Toilet Freshner', 'Mustard', 'Spices','Dhal']"
"['Spices','Dhal', 'Diapers', 'Salt', 'Light Bulbs']"
"['Spices','Dhal', 'Toilet Freshner', 'Saftey Razor Blade']"
"['Salt', 'Chips', 'Eggs','Rice','Spices','Dhal']"
"['Spices','Dhal', 'Spices','Dhal', 'Carrots', 'Honey', 'Chips']"
"['Peanut Butter', 'Nuts', 'Soda', 'Spices','Dhal', 'Dustpan']"
"['Rice','Spices','Dhal','Vegetables']"
"['Rice','Spices','Dhal','Vegetables']"
"['Spices','Dhal', 'Paper Towel For Faces', 'Baby Wipes', 'Light Bulbs']"
"['Rice','Spices','Dhal','Salt', 'Baby Wipes']"
"['Spices','Dhal', 'Chocolate', 'Dustpan']"
"['Rice','Spices','Dhal','Vegetables']"
"['Onions','Rice','Spices','Dhal']"
"['Rice','Spices','Dhal']"
"['Rice','Spices','Dhal']"
"['Eggs','Rice','Spices','Dhal']"
"['Eggs','Rice','Spices','Dhal']"
"['Cheese', 'Broom', 'Spices','Dhal']"
"['Soap', 'Carrots','Rice','Spices','Dhal']"
"['Hair Gel', 'Wheat Rava', 'Spices','Dhal', 'Ragi Malt', 'Nuts']"
"['Insect Repellent', 'Spinach','Rice','Spices','Dhal', 'Cooking Oil', 'Coffee','Biscuit']"
"['Rice','Spices','Dhal', 'Tissues', 'Insect Repellent', 'Toilet Freshner', 'Plant Fertilizer']"
"['Black pepper', 'Spices','Dhal', 'Olive Oil', 'Soda', 'Nuts']"
"['Orange', 'Eggs','Rice','Spices','Dhal']"
"['Cheese', 'Laundry Detergent', 'Spices','Dhal', 'Diapers', 'Olive Oil']"
"['Onions', 'Rice','Spices','Dhal', 'Cleaner', 'Broom']"
"['Vegetables','Rice','Spices','Dhal']"
"['Vegetables','Rice','Spices','Dhal']"
"['Spices','Dhal', 'Broom', 'Stationery', 'Deodorant', 'Apple']"
"['Banana', 'Mop', 'Trash Bags', 'Spices','Dhal', 'Juices','Chips']"
"['Cheese', 'Rice','Spices','Dhal', 'Salt', 'Hair Gel']"
"['Hair Gel', 'Spices','Dhal', 'Eggs', 'Deodorant', 'Soap']"
"['Rice','Spices','Dhal']"
"['Jam','Bread', 'Toothpaste',  'Tongue Cleaner', 'Yogurt', 'Toilet Freshner', 'Rice','Spices','Dhal']"
"['Chocolate', 'Rice','Spices','Dhal', 'Bread', 'Apple', 'Ketchup']"
"['Vegetables','Rice','Spices','Dhal']"
"['Vinegar', 'Broom', 'Rice','Spices','Dhal']"
"['Deodorant', 'Rice','Spices','Dhal', 'Mustard', 'Bread', 'Semiya']"
"['Olive Oil', 'Cooking Oil', 'Spices','Dhal']"
"['Eggs','Rice','Spices','Dhal']"
"['Rice','Spices','Dhal','Vegetables']"
"['Cheese', 'Mustard', 'Carrots', 'Rice','Spices','Dhal']"
"['Kambu Rice','Rice','Spices','Dhal']"
"['Carrots', 'Broom', 'Tea','Biscuit', 'Rice','Spices','Dhal', 'Soda']"
"['Eggs','Rice','Spices','Dhal']"
"['Cleaner', 'Spices','Dhal', 'Kambu Rice']"
"['Rice','Spices','Dhal', 'Juices','Chips', 'Spices','Dhal', 'Saftey Razor Blade']"
"['Hair Gel', 'Broom', 'Milk', 'Rice','Spices','Dhal']"
"['Rice','Spices','Dhal']"
"['Rice','Spices','Dhal']"
"['Black pepper', 'Toilet Freshner', 'Toothpaste',  'Tongue Cleaner', 'Spices','Dhal']"
"['Ketchup', 'Power Strips', 'Spices','Dhal']"
"['Rice','Spices','Dhal', 'Apple', 'Light Bulbs', 'Paper Towel For Faces', 'Chocolate']"
"['Spices','Dhal', 'Kambu Rice', 'Vinegar', 'Shampoo']"
"['Onions', 'Rice','Spices','Dhal', 'Milk', 'Coffee','Biscuit', 'Juices','Chips']"
"['Toothpaste',  'Tongue Cleaner', 'Spices','Dhal', 'Milk', 'Broom', 'Milk']"
"['Soda', 'Hair Gel', 'Spices','Dhal', 'Olive Oil', 'Wheat Rava']"
"['Vinegar', 'Sugar', 'Spices','Dhal', 'Vinegar']"
"['Shower Gel', 'Saftey Razor Blade', 'Toothpaste',  'Tongue Cleaner', 'Stationery', 'Spices','Dhal']"
"['Rice','Spices','Dhal', 'Saftey Razor Blade']"
"['Power Strips', 'Apple', 'Spices','Dhal']"
"['Vinegar', 'Juices','Chips', 'Rice','Spices','Dhal', 'Diapers', 'Rice','Spices','Dhal']"
"['Eggs','Rice','Spices','Dhal']"
"['Potatoes', 'Toothpaste',  'Tongue Cleaner', 'Tissues', 'Rice','Spices','Dhal', 'Cooking Oil']"
"['Rice','Spices','Dhal']"
"['Apple', 'Spices','Dhal', 'Mustard']"
"['Coconut oil','Rice','Spices','Dhal']"
"['Onions','Rice','Spices','Dhal']"
"['Onions','Rice','Spices','Dhal']"
"['Cooking Oil', 'Cereal', 'Spinach', 'Rice','Spices','Dhal']"
"['Tomatoes','paneer','Rice','Spices','Dhal']"
"['Tissues', 'Eggs','Rice','Spices','Dhal', 'Pasta', 'Vegetables', 'Wheat Rava']"
"['Spices','Dhal', 'Shower Gel', 'Cheese', 'Vegetables']"
"['Rice','Spices','Dhal', 'Cooking Oil']"
"['Diapers', 'Orange', 'Dishwash scrubber', 'Tissues', 'Spices','Dhal']"
"['Rice','Spices','Dhal']"
"['Body wash', 'Rice','Spices','Dhal', 'Spinach']"
"['Spices','Dhal', 'Cheese', 'Mustard', 'Broom', 'Nuts']"
"['Spices','Dhal', 'Toothbrush', 'Dish Soap']"
"['Milk','Rice','Spices','Dhal']"
"['Cleaning Spray', 'Spices','Dhal']"
"['Dustpan','Rice','Spices','Dhal']"
"['Rice','Spices','Dhal']"
"['Jam','Bread', 'Semiya', 'Rice','Spices','Dhal', 'Soap', 'Ketchup']"
"['Rice','Spices','Dhal','Vegetables']"
"['Sugar','Spices','Dhal']"
"['Spices','Dhal', 'Dustpan']"
"['Vegetables', 'Chocolate', 'Milk', 'Spices','Dhal']"
"['Bread', 'Ice Cream', 'Eggs','Rice','Spices','Dhal']"
"['Potatoes', 'Pasta','Spices','Dhal']"
"['Spices','Dhal']"
"['Orange', 'Rice','Spices','Dhal', 'Vinegar']"
"['Eggs','Spices','Dhal']"
"['Rice','Spices','Dhal','Vegetables']"
"['Ketchup', 'Rice','Spices','Dhal', 'Carrots', 'Feminine Hygiene Products','Paper Towel for Faces', 'Soap']"
"['Spinach','Rice','Spices','Dhal']"
"['Tomatoes', 'Tissues', 'Rice','Spices','Dhal']"
"['Milk', 'Potatoes','Spices','Dhal']"
"['Coconut oil', 'Spices','Dhal', 'Shampoo']"
"['Rice','Spices','Dhal', 'Coffee','Biscuit', 'Saftey Razor Blade', 'Cleaning Spray']"
"['Toilet Freshner', 'Pasta','Spices','Dhal']"
"['Eggs','Rice','Spices','Dhal']"
"['Toothpaste',  'Tongue Cleaner', 'Tea','Biscuit', 'Rice','Spices','Dhal', 'Yogurt', 'Power Strips']"
"['Ketchup', 'Wheat Flour', 'Rice','Spices','Dhal', 'Shaving Cream', 'Toothpaste',  'Tongue Cleaner']"
"['Spices','Dhal', 'Yogurt']"
"['Rice','Spices','Dhal']"
"['Saftey Razor Blade', 'Toothpaste',  'Tongue Cleaner', 'Vinegar', 'Broom', 'Rice','Spices','Dhal']"
"['Toothbrush', 'Rice','Spices','Dhal']"
"['Onions','Rice','Spices','Dhal']"
"['Rice','Spices','Dhal','Vegetables']"
"['Spices','Dhal', 'Orange', 'Spinach', 'Wheat Rava']"
"['Vinegar', 'Bread', 'Tea','Biscuit','Spices','Dhal']"
"['Mustard','Spices','Dhal']"
"['Dish Soap', 'Hand Sanitizer', 'Black pepper', 'Cleaning Spray', 'Rice','Spices','Dhal']"
"['Vegetables','Rice','Spices','Dhal']"
"['Vegetables','Rice','Spices','Dhal']"
"['Soda', 'Olive Oil','Spices','Dhal']"
"['Coffee','Biscuit', 'Tomatoes', 'Body wash', 'Spices','Dhal', 'Ice Cream']"
"['Spices','Dhal', 'Ketchup', 'Bread', 'Toothpaste',  'Tongue Cleaner']"
"['Bread','Rice','Spices','Dhal']"
"['Air Freshener', 'Cleaner', 'Spices','Dhal']"
"['Rice','Spices','Dhal','Vegetables']"
"['Mustard', 'Rice','Spices','Dhal', 'Cleaner']"
"['Cereal', 'Deodorant', 'Soda', 'Body wash', 'Spices','Dhal']"
"['Kambu Rice','Spices','Dhal']"
"['Onions', 'Cereal','Spices','Dhal']"
"['Power Strips', 'Spices','Dhal', 'Dustpan', 'Carrots']"
"['Mustard','Spices','Dhal']"
"['Potatoes','Spices','Dhal']"
"['Feminine Hygiene Products','Paper Towel for Faces', 'Spices','Dhal', 'Toilet Freshner']"
"['Broom', 'Mop', 'Spices','Dhal']"
"['Tea','Biscuit', 'Spices','Dhal', 'Cereal Bars', 'Toilet Freshner']"
"['Chips','Spices','Dhal']"
"['Rice','Spices','Dhal', 'Sugar', 'Dishwash scrubber', 'Stationery']"
"['Dish Soap', 'Spices','Dhal', 'Toothpaste',  'Tongue Cleaner', 'Cooking Oil']"
"['Cheese', 'Cleaner', 'Potatoes','Spices','Dhal']"
"['Yogurt','Rice','Spices','Dhal']"
"['Diapers', 'Baby Wipes','Spices','Dhal']"
